-- phpMyAdmin SQL Dump
-- version 5.2.0
-- https://www.phpmyadmin.net/
--
-- Host: 127.0.0.1
-- Generation Time: Apr 05, 2023 at 08:51 PM
-- Server version: 10.4.27-MariaDB
-- PHP Version: 8.2.0

SET SQL_MODE = "NO_AUTO_VALUE_ON_ZERO";
START TRANSACTION;
SET time_zone = "+00:00";


/*!40101 SET @OLD_CHARACTER_SET_CLIENT=@@CHARACTER_SET_CLIENT */;
/*!40101 SET @OLD_CHARACTER_SET_RESULTS=@@CHARACTER_SET_RESULTS */;
/*!40101 SET @OLD_COLLATION_CONNECTION=@@COLLATION_CONNECTION */;
/*!40101 SET NAMES utf8mb4 */;

--
-- Database: `gptdb2`
--

-- --------------------------------------------------------

--
-- Table structure for table `account`
--

CREATE TABLE `account` (
  `id` int(11) NOT NULL,
  `username` varchar(50) NOT NULL,
  `email` varchar(100) NOT NULL,
  `password` varchar(255) NOT NULL,
  `updates` tinyint(1) NOT NULL DEFAULT 0,
  `is_admin` tinyint(1) NOT NULL DEFAULT 0,
  `filename` varchar(50) NOT NULL,
  `filedata` blob NOT NULL
) ENGINE=InnoDB DEFAULT CHARSET=utf8mb4 COLLATE=utf8mb4_general_ci;

--
-- Dumping data for table `account`
--

INSERT INTO `account` (`id`, `username`, `email`, `password`, `updates`, `is_admin`, `filename`, `filedata`) VALUES
(1, 'josh', 'josh96753@gmail.com', 'josh123', 1, 1, '', ''),
(2, 'mac', 'mac@gmail.com', 'mac123', 1, 1, '', ''),
(3, 'testuser', 'test@gmail.com', 'test123', 1, 0, '', ''),
(9, 'mackenzie', 'mac@mac.com', '202cb962ac59075b964b07152d234b70', 1, 0, '1.jpg', 0xffd8ffe000104a46494600010100000100010000ffdb0043000b090907090907090909090b0909090909090b090b0b0c0b0b0b0c0d100c110e0d0e0c121912251a1d251d191f1c292916253735361a2a323e2d2930193b2113ffdb0043010708080b090b150b0b152c1d191d2c2c2c2c2c2c2c2c2c2c2c2c2c2c2c2c2c2c2c2c2c2c2c2c2c2c2c2c2c2c2c2c2c2c2c2c2c2c2c2c2c2c2c2c2c2c2c2c2c2cffc000110801ab01da03012200021101031101ffc4001b00010002030101000000000000000000000003040102050607ffc4003f1000020201030204040404010b05010000000102110304122131410522516106137181233291a1144252b1c107152433436272a2d1e1f016828392f1b2ffc4001b01010002030101000000000000000000000003040102050607ffc40035110100020201030302030605050100000000010203110412213105415122320661811314334271b115235291a1163462c1d1f0ffda000c03010002110311003f00fae000000000000000000000000000000000000000000000000003ee000fb8fb80061b4936da4972dbe9fa9cfd5f8d781e854ff89f10d26370fcd05914f22ffe3c773fd8c4cc4796d5a5addab0e803cf4be32f86231b8ea33cdf650d2e74dfff0078a5fb94337c77e1897fa368f57965d9e578f0c1fdee52ff00948e73638f32b94f4fe55fc527fd9ec2cc9f3dcbf1e7884b8c1a0d2c24db4be6cf264baf451da7372fc5df15644d2d5e3c36ed3c5a6c4a497ff226433cbc51eebd8fd0b997f688fd5f531294629ca52518a56dc9d24bddb3e3793c67c7e69c7278bebdc5b949a5a892bf6b8532acf3e6ccb17cecb2cb18f30f9dba6b1a5d76eeba229e757da17a9f8673cfdf6887d93278978562715975fa3839a6e2a7a8c51724bba4e454cbf117c378b7eef15d17916e96cc8b271edf2eedfd0f90cde293ddd1d24f84a9f73559127cce37d925647fbffc42e57f0c57f9b23eaf2f8bfe158a83ff00386e5256be5e0d44bf5a8104be35f8695ecc9abc8d38aac7a4cb6efbf9d2547cdb1ad7e57058747abc8e6b8f97a59a8c97aa75459f91e3b183c2bc2bc55637e69568e72936fd1a5d7d87ef7927c5589f42e253b5b27fcc3dfcfe35f038dffa3f89cb84f8d2edb4fa3f3cd18ffd6de056e2f0f8926a4973a5ecff009a94eebf7f63e7d2d178df9e593c2fc59c528b72c9a6cabd973577ec48fc37c7f64a7fe69f10d9157372c715c7a537763f7acbfe967fc1781afe27fcc3dfc7e36f865fe7c9abc7cbff0059a3d4745dfcb1648be33f84f8bd74a375f9b4baa5d7ff008cf9cff9bfc6210f9997439b1462d7fad9e28ba9729a4a5d7d8d61a5f11964f971d3c9e472e61f3316e7edcc8c7ef978f30cff0080712d1b8c8fa6c3e2df84b23a5e2da58bb71fc5f998926bd5e48a45987c41f0dcd6e8f8bf8735d39d4e24efe8d9f2d5a1f13c8a308e924dab4f7e7d3ed4fad2b972cd1e8b5d19353d3c13872defc325c775b59b7efb6f7aa1ff00a7f04cea327f67d761e29e0f92518e3f10d0ce536d4631d4e172935cb4929596639314e9c3263927d36c93fec7c4de9f0ceef162955be230756aad717c9b3d2608286dc75275b5c2e2f85ddc5d9b473a3de11dbf0e47f2e587db2fea3ee7c631fcfc4a1fc36ab5b06d3a8e1d4ea31a8a4fd232ae4b58f5ff001063af95e2de24bf95eed54f2526effda5fea6d1cea7babdbf0ee58f1787d779f5466cf9643e22f8ae149789e49d5c5ac9834b2e5f4e7e5f52ee2f8bfe268492c91f0fc91e8dcb0658caebb38644bf6378e663956b7a172abe353fabe8a0f118fe38d424fe7786c64d5bfc1cee3fb4e2cea683e2bd0f88e7c3a6c1a1f109e69b5f31e3c519e2c36eaf2e452497e84d4cf4bf8952cbe9dc9c31d57a767a400132800000000000000000000000000000000007dc000000005fb8003ee3ee0002a6abc47c3344af57acd360e1b4b2e48a93aeb51bb7fa18dc479662b36ed55afb993ca6abe36f09c7b969306a757349b4f67c8c56bd5e5f3ffc879ed67c6be3f9ae3a78e97470715ce38fcfcc9fb4b2f93fe420b7231d3ccba983d1f979feda6bfaf67d2db495b74bd7b7ea72f55f107c3fa2dcb3f8869f7c7870c4fe7644fd3662b7fb1f27d4f88788eb2deaf55aacfbbb67c8daaf4d9f97f62bee5cf476edae8bf4455b73bfd30eee0fc2f69ef9affecfa06abe3dd141b8e8b439f2d369cf559218215fd518c37cdfd1a470755f187c4da9b78b3e3d3422dee5a5c11aa7d374f36f95fd28f39194a9ede8fcbf9575fa9bc788b54ebf3576655bf2f25bf276f0fa0f0f0f7e9dff0055bc9adf15d6a6b3eab559609b9566cb3945bf5e598c5a39e472dae30574dd524fecac9b062c993169e38e4a32cb2dfbe7153738aab548f53a3f099b8c37c5c138b7929a4d7a7dc8622d927b4ed267cf87891f4c447e8f3d83c2a339437e69b94fc89554537c5bee7730fc3be198e31738e5cd3eadb9796d2fcca28ecc7418a117b31cd3845a8ee69f0bbbefc998f96afd0b15c3d3f73879bd46f97ec9d438b9fc3b49874fbb1e9a1193726e55e671f44d9e4b2e19cb2ce304e528ee955ddc62cfa2eaf1de14924e97774adbaa6ce74fc034da3d34b3cf2e38cb245cb366c8da94b2b7d63da8d2f8a63c42c70bd4631c6b24ee67c3c3474f9aded839716dc7aabf5447386585ef4d3e91b4d5fbabec75b164c93d44f4de11a39f886a94e4964c5bbe541377ba6dbd9c7d4e960f83be2cd6ed9eb33e934a9caf6ce53cd28a7db6634a3ff311d70e4b78875efeab870cff00996887978e5c915051863938bb5bf1df1ee498f26a95ac793146319ee8cd608466a5d6dbea7bbd37f93df0f84b76afc43599df151c4a18209fd126ff00e63b387e14f8670255e1f8f234eef3cb2647ff003b65aaf0efeee4723f10f1bf9772f9b63f15f1ddaa11f19d4c5296ebc51c576b9abae859c793e28d441ecf14f88a71c936bf0be6252974a4e18d1f55c3a3d0e9d560d2e0c4bd31638417ec913d22d578b31fcce064f56c769dd7147eaf94ff009b3e27924e4fe27938b593cda9d4715d95ba641ffa7bc627394b2f8678acdecdebe665d4493f66a591ab3ebbfa99a33fbb47bca08f54b478a43e42fe1cf11bf992f05d64e4e2a7738ce725d92f349f265f816b5b8a9f81eabcaa9cbf8572a7e89a775ee7d741acf0eb3ee923d632446ba61f1c97873c7ce5f0ccd1f270b26972afc3f4e9d08fe569b1f97f83c517e66e5930c93af772e0fb357b187084b8714d74e51acf0fff0026f1eb33ef487c714f149d56272b574a29ff0072584a15e5c70e1754a933ea793c2fc2735fccd06926df5dd831b6feee3653c9f0bfc3591b93f0fc51934d5e2964c7ff00f124693c39f94d5f58a4f9acbe792d9c465082bae8eadf5ea6d18e19bb9628c9369d5b4f8fa1ed72fc1be0b3dce1935989baadb9b74634bb2c8994dfc172837f2bc4e7552db1cba784a9b7c5ca324c8a7899213c7aa61b79979fd9a3f969bd2c76a76a94b97eadd92e3d3ad4cf1e1d36937e693bf970c6d57bce4dd2fb9e9b4bf0ac61283d4eb326582e5e3c70f95193f76a4d9e83069b4da5c71c5a7c50c78e2a94611a46f8f8769fbfb2a66f548aff000f732f31a0f84e0dc337897cbba7fe8da7fcaafb4f37e67f648f4ba7d2e97498e38b4d871e1c7154a38e2947ef4581c9d1a62ad3ed871f372b2e79faedff00c00048ae0000000000000000000000000000006b39e3c7173c938c20baca6d462bb72df0067ee814751e31e09a58b96a7c4b45892ebbf3e34ff44ece5e6f8cfe16c57b75797353afc0d3e69afd5c52fdcd66f58f329a9c7cb7fb6b32f440f1197fca0e8f7c969bc2f579209b8a965cb8715d77a8ee7fb9ccd4fc75f106575a7c1a1d32f753d44dfde4e31fd886dc8c75f774317a37372f8a6bfaf67d2caba9d6f87e8e12c9abd669b4f08ab94b3e5863497fee68f93ea3e21f88355151cfe25aaeb26fe44d604efa2ac29742862cf1c796396518cb271597225972c6baed94ff00c4af6e7563ed8dbad8bf0ce69ef92d10fa667f8d3e1bc71c8f4f973eb1c15ffa26296c9735e5cb976e37f691ce7f176bf5539434b8743a4c4a2a4f2eb72cb34b6d5f31c7b629ff00ee6787d5eae7aa924aa18b1a71c718a4972ef9da6b8f2b8c7262725f8ae33971d36aa51bfee57b72ef6fc9d5c5f87b052bbb44ccbd1e5f883c4f3ed5a8d7e59c54e6b24707fa3c64ae95385338f99e9d39ac38d36a9b9cbab7d5f428cb2ca4ef9abe897f49b39c94631bb926e4d2e534fb3657b5ed7fba5d7c3c1c78662691afd1993df08d3929535249f148d364a6ea36edd231bd756d756f8f53296795fcb8b692e54136e3eee88d7e3e931e2f99fed2316af997962d2f7ea14657571ddcd5fe56ba70d913a77dfeaf9bfb0ddcab49d555db0db564cd64f971f337855c5a6b88e4e8ad2e442391cf1457e66d4527d2a5dacdb03f9b9a18949c7e73589b7d1a5c961e34a3864e3ba4e393e641713c7b1f33e3bfa04537e9ed2ecfc3ca19b762cb05171cb2f92e29adce32e76fb23d469b511cde23a8d24316a36c30c32cf24e358672bdaa2a4796f034e3ac8ce3296ddb95e1c6e6da8c332db1f98fbb4f9747bac189e3c70dd3dd3da9cdae374bbbafec5ee3c6e3b3c57ab5f59677fa265c5453be79e0ad9b4f1b728f964f9aed297a13f993ed5f46433c8a49adbcb749a76d16e623ddc3a7544f6452c7876ce5a894561c552c96fbae4e2e9b45abf8af3cf55abcb971780629cb1e8f4d06e12d66d938cb24e4b9d8fb1afc4b99c341992ddbf2b8e06d3a979dedbb5c1ec345a7c5a4d2e974d89563c18a18e14ab88c76dff89ae388bda627c42c66c93c7c5178fba7c7e5f3fab3a5d269747871e9f4b861870638a8c31e38a8c6297a248b060c972351da1c4999b4ee6772000c800000000000000000000000000000000000000000000000000000fb9575f9658343afcd1928cf1e9b34a1293a519a8bdadbfa9361c6f161c18b7ca7f2b1e3c6e737729ed496e7eefb8199e4863572babae136efe88e17897c4b0d0d470f87ea75336da4b7e1c3075d6a53937fb1d9d4dec750ba4e4a5696d7d3b9e67c6316973e193d767c98a29edc4b16d754aedaf7ee6d58dc93e36e5eaffca16a70ca0a1e158b1c5ba94b55aab7d2f858e15fb9cccbfe517c6a6e2f161f0f8627e8b23957b4a5269fff005385a8d4f86e1d99f063d36558f23c5f333e1b9e4c92fccf16f7b6976296a748b2e393f931c2e4dc928e48e49c9bef2ae7f436e945d52efeabe34f89f558bf03f86c981272cd8d639fccc6a0aff1dc1c255f47c9421f1a6a7519651f10d17856572c9078f2ea70e7cd8f028ab507a7dfc9e5f5fa5c9a3962961cb97261c904d647e46e75cc5a5d6bb9563927933629ce5739e48ab8a495af64477d4427c1136b443d4bcb16e7358f145cdce72f97051b7276d25edd84a53557284934a4b6bbabecc8ba574e118f5e3f73ce5adb97d93061ad2911109373ef5d7b072fa7ee68949d706de86ab1d30cff00fb43b7a18e7a76edff0071d3a9834cf41e8b9f5bee61cbd15fd0cfb8624e5f436e89b775efd59aae9f7e2fd074e2efea658986d7c3e79f48ae3f530a528b938ce716d34f6b92b4fe8cc722b97fe2676c74c4f90df1c6e517e59356fcdf978e7930935d6b916f94b94ed7a7530cf884f184651c937b935149b83e3e6495a6ac9f1ca52714b96b1ba6b8dca2babff12ac53d949bb945b77c4553a514cb38de786dc73925b60dc258da6d4a7d62e5d02b64874fc3e51865c5184e7183c98734e5fcdbe2ea93f43e8585c9c16d8529799b93b6dfb23e6fa46b1e5c3397fa99b69f9929270e6e9f63e83a3c8e7871c949ecc90dd075fcb5d517b8d3ecf1feb54faa2cb4df0a2bafabec6ab14adf9f877cd553fb1969fb57ee6db9dd76e2fdcbbe5e7bbc78703e22d23d46833618caa4e2e4b6ae1c9728ef7826ad6b7c27c3351772c9a6c6a6df5f9905b257f74c83590f9b8a4a93e525452f84a52c7a6f12d04f896835f9e118fa63cafe6c7fbb34c5f4e598f94d9ffcce2c7cd67fbbd3000bae3800000000000000000000000000000000000000000000000000000002978ac9c7c33c4e4a518edd26796e924e2b6c1bb69971552fa116a61f334daac749fccc19614d5a7ba0d534cd3c3f2fced0f87e66dbf9ba4d3e4b6a9bdf8d3e501b6a1cb63ac71c8bbeeaa5f54791f1ccd0c58b2acce0b2456ec11d9bddcbd575afb9ece5bebca937fef3697de8f0bf14e7c11d4e285af99371dd9e38e2e0a296d6b8776bb1bd3cb169fa5f3dd64f1e77a8c0e29acde7f3c963c6b22ee947a23898f36af0453c526a0dba5d93f4567a0d5e3d0e6c99ff00d6c25bd463182708b927cca4fb228e6d2a9c9471460e791465e6f33926ea947a1bed12a6a3c433ea74da7c19f14164d3b938ca314a328c9f37ee73f1297f1181a5c7cd5692492afa96e7865192569b8d3a97548dff0086c8a7a694a0d472cb727b25549f5dcd51164ef595ae37f16bfd61d7e7ba6ff7fee6528a4dbbbfe5dafbaf5368aa92e22ebac5f1fd8c4edbaae3d11e6ade5f67a4fd2c7a5ddfb7436e6b97dedd7a7b1abe68cf6ae0d5236edef4f8ea8d7ea653763af3ee658678e29d5a5cf5a31cb438fa3bfb0e2ffc00cfa7a7ee2bd7a74f711e3e9cf0fb195cf50c1ffe19fa7efd8c24ccf1d39b5d5ffd830cbe1d26fe9412ef551fde8ca952775c7ebc856efb2f57d7f40d76d949b71a7c45476a7c28b8bb7c7425f98a72cb2a924d45a707f965e8886e10be2dd75976bee8dfe7b51714b8e2551aa410da3e17b47294b2e35b611dbbe73df24ae0a3cf2f8e4f75e0795e4d2c677c3dce2adba5d0f0724b1e3cb9e2b1648433ac52a77963354d6d5de2cf5fe09971b879672725ba718c93f2293b71f42ce09d59e73d56917c7d50f48ff96afadf268e5caae6ef91195a77caab5ec9fa07cf7e6bf9784741e4a3cf76d25bf13f669aaecce4786c9e97e25f10c5b76e3f12d163d4c5d24a59704942555df93b09a51f76b85efee717c4e71d2ebfe1fd746494316b7e46a3db16a63f2aabad5b4fec627b4c592638ea8b53e627ff00bffa7ac03ee0bae380000000000000000000000000000000000000000000000000000000051f0ac91cba1c2d70b1e4d4e9eaa92f919a7878f6e382f1574b0f972d72b74f5793224eea3be3193af66edfdc0b4781f8ab45a5fe231b9cbf87595af97b24ee75cb9b5dfee7be6d256da4badbe8790f89f1acf931e39ce116a3196255fecdb69cafd4dabe589f0f0f3d3e06ab065cf14f1f9d64842536f772fe62447934f8f1683c47161f1286484b3e9f5bf27f879e2cb1cb15f2bcd95bbdabad23a91d1e09a71fe270a518cda979d27b1ffaaa8736cd7368d3c72929624e54a5497593b4adf26fa47e1e63f874b3e99b9e25e7529e48c1cb6c63cee77c9edb1e9b4b9741aa8655a5843269a4d67d4c9bcd27d60b0e34f727eaee8e1e7f07d566c391618c2793249b8a8e4863c32d2e38def526a3cafa1be9b14ff80cd0962cd078e32f992cce96492955625d69776faf634bf6aca7e3f7cb5feb0e6b8a8ee84547c9d24ff3497d48e749ae1dd3fd4b99704a6e1912da9c6a5caeabd114f226a4edf476d7b9e667cbec982dbac34b6a4abfea67bbbe4d53e6bebf733f75fa9aacb6ecfdd70fbfe82faa69d71d0c5fa7066e971cdf0061854baf533c7dd7531dba74e8fd4c8cdfeaff00433ec6be97d3dba995f50d65224dd249bef7ee2aad374fdb9fdcd77beff455fe265b6f90d3b9ebd17262fdfd03edff009d0c06621b2db6b9ead7525dca6e5c5494ae2e2aa1e95c9071ff0054661bdb938293da9b6fb47b2b0c5abb59a5c4b1b4e329a8ca17e684e0eb86b869f667a1f05d5bc529c6ab246337930e574a970a6a4bf73ce60706b2c26d29cb1a86296dbdb96d349a3a58b2461aac328250db9258e70934d38b8a8d3be3a9b56da9737978a2f49a3e83a7cbbe3097956d497b34fd0b0d4afb2ae5f7e0e5785e5863d3e3d34a4a52c539464dddc537b9395fb7074a53c1169b7b62d7964f83a75b6e36f0796935bcd5239412b5725d944e4fc41a7966f0bd5ec8b793141e6c325d54f1b524ebd89f3f8b785e937fccd5608387128ca49494be8b938babf8a7479dad3e974d9f5b9732961c3874f8da8e59e45b15ca7c52eb2f4317b45a34df0e1cb168bc47687b2f0dd5475ba0d06aa2ed67d362cb7ef28a6cb650f07d14bc3bc33c3b47296e9e0c1084e4bfadf9a55ed7d0be742bbd46dc2c9aeb9e9f1b640065a8000000000000000000000000000000000000000000000000000044928e6c8d395e4845bfe95b1edfd79fd8948b25a9e19eea4a6e2d7f56e5b52fd409249354fa77bf43c578b635932ea9acf0d9896496e725c453e145b67b4c91df09c6dab8b56baae0f17afd26a164929e96d461bedd46a2ddeeaee6f462de1c88e9238dca1296294e5169c137718b56e55d2c9b2e922d6149271518284f22dd728aab6912423d1a8c15ab493be175544d3849c3172faca9afcc95da2469d957068b2e7c32c91c0decca93593fd527d389c7cd7ebc12ebfc37518fc37579f1e4708c25179f1ae1644df0e4a5e9ed23ada6cd8e389422a6e6f97377cb5d6dae2c87c773e5ff0034eb5ce789467f29294a6a324d4e9a8c572c872cfd12b7c5aeb2d7fac7f7781c995416ddcdb4fabe38215bf3c9e38a8a9bf57ccfd126632cf749edbaed7d688e2d4271dca569be570d3ec79997d7f1d7e9dc32e328cddaaae29aa69fa335e2d7fd0cbb6db6edbb6db7d5be6ec7357cf60b113dbb8f8bae9e943869575eebb99a5ebc3ffcb1b9ec51a8b8db9275e6fa36063d4ca94e2a5b5d292d8f85cc7ad7263e9dfd45ff00e7fd8333dc1fb8eacc7abed6186f7ec67aff00fbd8d7949a4bedec2e8cb5d36f4fa18aeb7e9d119fbf1fb99516f9edea608694fd3d125ff5258a718c9bba728c128b693e6fccd04a31e5d74e23d5b5f62ce3d0788cd4a50d2e451e54a59bf0e316b9e5cb9fb98d20cb9e948ef2476cb1e08b71dd932373b493535c2a975a3772f9517f3a5184dd38c5c95c95da92ae0bb83c0336a362cfab94ae2f27cbd263dd14fb45649797f63aba2f86b1e2acd974b19ca589ca13d63f98f1bae57cbfc9f4e0cf672337a9e1aef53b71f4be23acc92cf1d369f26a2538fe24e29b4a30eadcba5fdce865c3f1566c12cd99ce18e38d358f0cae6a2fa2b5dcf4583c3f1471e39b9c76c71c5c3162a8628dfe6718c7cbc9731e0c49494da5095dadd571ede5e867aede21c1cdea316b7556b0e2683e09c79e3873ebb5319c66a1936e38b94da6ba39cf84fe88f51a0f03f08f0d96fd2e9a2b2d35f36773c94fb27224f0cdd1c12c5295bc72928fb425cc4be76f0569358b443cef2b979f25a6b7b76640059510000000000000000000000000000000000000000000000000000000008f34673c7358da59154a0dab5ba3ca2400613b49f4bf53ccf8e6924b23caf7b8c9ee4dbbb68f45092dd3c7fcd0ab4db6f6cb95cb2b789e179b4d2695cb1f992f6e8cdab3a927bbc7e9d3de9249dabf346eabad1d08618eddd26b77976a9c7c9b53f621c70cb1c94dcb6dd34b8e575e5b2e638a929424b1a8b83b6d393834fb22596b586b3cd158f2f0db52518538a58f6ae56387a7b9c2f1cf11c6b44f0e48e3f9b9a30960591c1fe1bfe7eb7bbda8b1affc3c791b93df14dab7e550eedb3c3eaa7f37239e494a7977fe1ce728f10bb7b635dc8b376a4ad70e7ab9148fce3fbb5c92b95aaec46d73cbe5bb7ff60fd3b18e783cccbec948d4374ef9a5f4ed638ae38f6308737f6461b32bfc07bf61c5b5cf21a6b9fdcc057dcc7a7a7ee653ec61ff0060cb3eb4f8fa18aedcf1c3fa99aec4ba7c53ccb34f169f53aa8618b965fe131ca718452b6e7912daabbdb368aefc21c99698ebd569474ded75d6ba7258969b262c6b2ea7263c38e4ad6ef34e57c2f2ae4bde17e17e23e2987366d3e1f91821394127e6d4679479b52979527d8f61e17f0b787e97e54f24565d445ee73d4259326452e5a5292e2bb7067a677a71395eb38b17dbdde1a1a2d56450963c4be4ca71c6b2646ea529709a51f357d8ebe9be16d7e57937e4c92c7854678d25f2f1ce72ecdfe63dec74fa3c7f365a7841659ee52b5b9c947f32937d3d8a92d7e2c5be33c4f1e37d232b72c8df48c52e4dba35e5c1cbeb59f376a469cfd27c3da3d2bc4b7ec9cb76e963845cdee5c416495be0e9c345a0c734f63939476cde59da9aaeae3f948273d76670514f161c6dad9249e4c9e97d918861d64f23f999e11c308258f0bc7ba5b9cb739e5977935c1aeeb0e6df264bf7bd93e9b2608e2c58f49f2de1c5be0de2fcaa9f353549fb7247a9d6e0c707f8d15d5c71c24a737b572a970458bc2304279630cd921a6d564f9fa8c18a53829e65d251927c2f545ec1a3d262570c18d5b7293941369f74999ef3da10cdab59df973e1e21e68e2f919a7a89e359e382328456c6aedcba2fa1b3c5e2f3db358e38b724a10c95925860df2da5c1d8c58a2b728c31c787728aa949be9ef44d4a4a54aa4a349fa25d496306e1a4e6d4f6841a36b1e750b6f7c36b6ffaa08ea1c86de39e39aaa5922db5e9d19d62ff0012df4cd7e14b911f56fe59001795c0000000000000000000000000000000000000000000000000000000000011ce51c6e1293a5292c7f594ba743792dd1947d535faa3138a9c5c5f17d1fa3eccd30e47931dc954e2dc7226ba497d00e167d1c71e4963bb9476c93a6d3bf5b23c9196dbb96e8f5ff87ec773558ef1cdc609b6e3bd52f325fd5dce564c71d969dd37d53a6fd19bef6da23b6dc0d7d4e326e29ab56a939dfad4bcbc1e0b57092d6e76e6e72ddcc934d34fa5cbfe87bcf11514b32c8bcabcce3749aeb4a8f0da8f98e79b735393c9bed45454373e525ec47c89d63959f4f8df269bf9844efd4c53ff00c66598efd39fda8f38fb157c365c7732613ebc716669f635665bb86db52e1a7d3d504ef8945beb55c330bccd70b8e17648974fa6d66af511d268b4f9353aa92bf95857e48dd6ec9397912f76cdeb59b76856c99698abd5927485a4faaaee9cbb2f72d787786f8a78b6478fc2f4cf52a2d467a895e3d26297fbd964aad7a4533db7847c05821b73f8e655a9c97ba3a4c0e51d1c3db27f34dfe8bd8f6b8b0e2c18e18b063863c508a8c31e28c6108a5da318f0917f170f7deef27cefc4915fa38d1bfcde37c33e01d062ac9e319deba7c35860a5874d17e8d45ef97ddd7b1eb23a1d163d2cf4787063c1a79e39e2f9782118414671daea31a45a0742b8eb48d561e433f333f26dd596db9fff007b3c6e27974d18e96e6a5a792d3c5c2a328e3c769b97bb2dc6727be50f266c92a576ed47f2d233e2d89e0d6cb225e4d446392dff005456d92fda3fa9ae2c8e7813a7be12efedee79cc9d58b24d27d9d48d64a45fe5671e296a23931e7cb91b9d29ac2d62755cc6e24f2c5158e4a4f76c49c6bb52afa95f04a4b245ff002cd275d8bcfaba5c4bd492b6ea857beeb656c76ea9adcd27cff735c8d46719a8af3d47e9246579252e5a9464d3497f274e0c648b71924e371929abfd08a7c37f74b09ee8ba5e95ebd4cc5dd25c46df474fef65784d2dcf94e326b9e2fb9327baddb58e69a92ae6eba9be3b34b5563135be29f317c73cd497b962ab72ae137d78bbfa149369429c6d35b5cbb575745e8ca52f36d55d13efc75674b14c4c2ae48d4a9e6c7cca2a5d538a5eadf43a1824e58b137d76a4feab829eaa2a4f76ddd19354d3e95cd93e8a4de169ff002ce5fa5d9b60fa72cd5ae5ef4895a001d1550000000000000000000000000000000000000000000000000000000000000af2dd8f51069649473d425cdc314a09b4e9be2f95c7b160d32638e584a134dc5d7474f8e7aa03675dce76af1420924a6f73775d237d0bf09394795524da92ed6b835cf079314e29b4ead77e5721989784f8833e0d1ac0f34f1e28e693c51524db949736ebb1e235328a9579b7b972a69ab8fb9ee3e20d34353820e70929e36dc25913551f456786d539fcc8c139f118b96e4ae4fa7e845c8dcd657fd3e6b1c9a47bee113e3a0eff00533cf4e3ba314f9ef49feddcf3f2faed7c32be86652c78e2e5924947a73d6fd116747a2d76b32ad3787e17a8d4caaaafe4e3ddfcd392e125dcfa3f807c1fa2f0b58b55aed9acf124a32df28de0c125cfe0425e9eaf9fa1670f1ed965c2f51f58c3c28d44eedf0f29e09f07f8b78a6dcdad593c3f40f6b4a497f19a885dd283fca9fab57ec7d23c3fc33c3bc2b4f1d2e834d0c1862f7542ee527cb94a4f96feacbb40eb63c35c7e3cbe7dccf50cfccb6f24f6f864004ca00000e5f8ce05974d1c89272c334edf68cbcaff00c1fd8e2e9654e78db7e6ebc7099eab3638e6c59714ba4e328f3ee793578db72a52c7278f235ca6e2f69c3f51c7ab45e3ddd5e15f749a4fb2ec1538adbfeadf1cf53a29b947755faaf44ce64249cdff0053ae3e9e874714ee1cbeddbbfb15705a3c36cd1eeafa8b8cdc95ed925b97f8a629bdb576e2aefd49b3c6d2e3a5aae971972ba104777495270e53beb1666d1f54959dd5a2854eb9a9b4edb55c7b13edb6eded9493576aafd91a4b6d4676b6f75df9f4248ec69d454927ddf45f43158d4969df76d04fccafb2ae2fa96304a2d3715ca518bb74d2be5f2568ca5b95464dded77c3a977278b8dc9795b57b7bee4bb17b14ea55f277f2df5096cddcb8a76d2f431a16bf19254ae2d73cf2bb9b4ee58da9d5b87318f46dfd48340ff164aa9bc54fd6d32689d65acfca3d6f1cba6003a4a80000000000000000000000000000000000000000000000000000000000000000d2b6b72e127f9df775d0dfee1a4d3be85784dc72bd3ceedc5e4c53af2b827f95be96bfb7d00e1fc458272839b7294155464dd5f5f53e5dada59ddec73f9bcd758ffbad23ed3afd3c751a7cb1a6e6a2dc36ba767ca3c574d874f2c98e1f21ea25384a7b63259545abdbc9ae5fe14ae703feeb1cfe70e3d73f77fb763a5e13e0de21e35aafe1f470db8f14a2b59ab9a7f274e9758c3d727a47a2ee59f01f87f5be3b9a5b5cf4fe1f8a4a3aad552dd91ae5e1d35f1bbd65d23dacfab68b45a3f0ed361d268f0c7169f0c5461082f4eedf5b7dce5e0e2cda7aade1ed3d57d723047ec7077b7f657f0af08d0783e9a1a6d241d2e7264c9e6cb964faca723a4390756b58ac6a1e06f7b64b4dad3b9900065a80000000079bf15c0f0ea2738fe5ca9e5aa7f9ba3ffa9e90a3e2383e769e4d2b9e2f3c5767d9a7f62af2717ed31cc7bc27e3e4e8c91f9b81a79b8cd3bb7c2e7dfd0eae075c38aeb57f53910c6e3914a2deddd7eb7dfb9d4c6da6bfe15c7b9e7b1f6975b3c6fc2d4a9c5aeb49ed7dee255514eb8b524d4d756a5f72d75b6d7124befd99569c6d369ec6d438a75d36d96af1b55a30ff002754bfbf1e8671f3249be7f334bd435e69c5254baa6fadf348831604f24f2294f72953c7bbc95fdc87c4a5d6e256657c3b697116a5d5a5cd93ee518c65269465716d70d5f754434e569b93e1ee75f97e84c97e1a8bb9a49f2b875eb45cc682c9a09ed6b892aeb7cfe855d1f975b38f16a1349775ca6598ca51f2492551f2b75cc7fa782b69d6cd7457f5426d5f57c134fdd49fcd147db68758007554c000000000000000000000000000000000000000000000000000000000000000020d4e9e1a9c6f1c9ca2d4a3931ce1f9f1e48f319c5faaff00cf79c014f4b9b5528cf16af12c79b0cf6ef5ce1cf0ed960fb5f78f55f4e5f8acbf0deb3c7bc5b539b2a7a6f09c5abceb349ee8ea35ae32e7e4d72a2df59757dbfddfa0527dbf50626226352da96b5262d5f30874da6d3e93061d369b147160c308e3c58f1aa84231e8922700cb599999dcf900000000000000000500079dd5e27a6d44e297964fe642f9b8c9f4fb3338e7e68f1da9f274fc4703cb89e482fc4c5e64d7570fe64bec727146e716bf2b56f9e4e072b0fecf26e3c3ab87275d353e5d383f2a4fa2e9ea88a6aa4d25c4fb3b4efec6f06da6be9d8c4d731e1b6afba3599dc348ed28a515e469dbaabff87a9143f3cfcb2a95355dafb5f5249ae1a5c38c94b97da5c10db549baf374a7dfa105a7529a3c2d26f874d5aaebf95af5248536d5b7dda92af66951027d1f97b27cf0adf5268ecb6939aeb72e977e8d725bc7286d09231a55b5ae1ae5274c817975da57d9ee8db49bb71f54584a953528a8c535cf2ef8b2ab6b1e6c2e4df93341275c3b744f7ed359fce11d7de3f276000759440000000000000000000000000000000000000000000000000000000000000000000000000000000000000000000000018670b3e2fe1b519214a38f22df8ebd3a57d8ef1535da779f17955e4c6f743dfd5157938bf694ede61361bf45bbf8952c525e6ebd0967cc63549d2656d3cea514dfe9dfbf72d70e2d5ae8d7bf07223ed5cb7695771b524f9b8d57795724335ba36d4a9aa957655d09d3a92bfe57cbecfec68d799c6afad36eafb905935674ce2a94231e52adabdeb9e09a2da5e6695f1e8ff620c749b54f6f15cf117dc9a524945d24ae94bdfd89f14c69a5bcacc775465b53b5c2eb2b5cdb932b6a138b525d14a2dbbba69df08b18e51934e2f1bb5e6f36d925ea419d46519ca354938a7ca4daeb255fb16f27dbb57a7dda7513b49faab3243a69ac9870cd5f9a117cfad5131d4acee36a731a9d0003660000000000000000000000000000000000000000000000000000000000000000000000000000000000000000000000001c6cf8d60d438a5e593f998f85ebe644aa4a49bee9dc7b513f8861793039c579f0bf991f74b86afe851c12bb6dda71dcfe8bd0e3f229d179d7895ec76ebab69a49c65b95f9ad7ee6937738cd77492f5fdc927cc64ed5a6a5ee97d48a7cc20dd39465dbac4a168d2cd4b4a4bd3abfa924ab24649dd52db5cf244d45ede23257ba29bb6dd7526854954a495a6ebad37c57066933e0b7cad609b94135526ed2ba4da4479537072aa9465f88934e9be2b91a675bf9f5e1f3d3ab36cb1938cd35094296c8e37cc6d72e4dfec7463eac6a9e2e9740ff00036b4ee339aa934da4f9e4b673f433b9e749ba6a1249aa716bcaf93a05de3db78e15f2c6af2000b08c00000000000000000000000000000000000000000000000000000000000000000000000000000000000000000000000186ad34d5a76abd99c2946583519b073b62d4f12eb7095bab6778e5f8ae36a38350b8f95270c892b6e12aafd3fc4a9caa755371ec9f05b56d7ca2854bb7e783e3d08a3ca9c13adca95faa34c391296c7c6d9c65cbb6f71bc9564a55572e3dba9c4b7cba311a9d30e3e5876775e6ec6f8ed256e3c3e38f2d7fd4c45a92c8aaefedc2fafa0591c6adf56fcb5e6348ecccf784f8da59e1d16fb705f4554cb7913a4945dcdf99be524bd8a397fd9ca2a3ba0e13b937b57aa65a52c99615592191af34f1d76fe96f83a586d1d3a54c91de2cada4cbb7551871525385bfcd26b9b3ae7132370d4c26f75c5c65dad575548eddfbfa5167896ed35f8945c88ef13f2c800bcac0000000000000000000000000000000000000000000000000000000000000000000000000000000000000000000000001a65c71cb8f2639749c5c5fb5f7370626371a923b7779494258f2454d4f7424e2fddc5d725d9a6e3e5ebc4adf5a25f1083c7aa53a6f1e6826fda71f2bfd88e2e9c17adae4f3b9f1f45a6aebd2fd5589138ee5293a6d2f347a4bd38fee6a9c94a5352b94787b9748fa51a46936a9a709525f4259faa8f3c36a3c3208eedd26371977bdeedee5ced7d382c69ea37171adadb4db69f3dacab0ddcd3e1f0a55e74faf5ea58c7296e57c547ccaed4b8ea5cc13a957c91b8d2a6abcb91c76cdee7727572b971e6bea7634d3f99870c9f5da93faae0e76b146e09cbaadde9492f45c963c3723962945f0e326ebba4f92d609e9cd35f945963ab1c4fc2f800ea29000000000000000000000000000000000000000000000000000000000000000000000000000000000000000000000000000029f8862f99a6c8e2ae78fcf0faaea71e13551775538d7dcf46f94d55dafb1e6f5107833e7c7571dd14bd93568e573f1ef5785ee2dbcd653b52df369ae692fbf7364dd34f8e7ec9740da7f29abe9b1d76aee39dd24aadf65caa397ad2def6d212553daa558df37716e4bd2c9f724f0cae4a13696e4e9c5cba59175a57cbab4ddaa5c3e463b9467193946a6d27d3cb1e53a44b8e752d6d1b5bd4c1ca0e4a16e314a538f471f621f0f97cbd464c4f8dd0e8fd6259e27860da55b6e314f8bfea74518b7873e1c927272df14e52eea5c172d3d192b757afd549abba003b0a000000000000000000000000000000000000000000000000000000000000000000000000000000000000000000000000000001caf14c3cc337692f952e8927769ff0074754afabc4f369f342ae5b5ca34adee5ca21cd4fda5261262b745e25c98c9ec54edc5c64a5ecb8766276a519478526a295f56fdcd31bbdd17fcd17d3b1bd278a17fc8f6bae897a1e765d5d699cbe56f8e1c5a4bbc65ec630c9b9c5d2f3358e49fe65346677b2fbbae7d175ee69170c8b227bbcade4524eab8ec22da9675baba589b519745e6e211e951e1bb450d42e72fe6adcb6da69ee7d28b3832297cae5a73849b71adb2937dd7f518d5477535cb8c249ee4fb73745fbfd54daad3e9bba3827f330e29f7708dfd6894a5e1d937e0a7d6326bedd4ba75315baa912a57af4da600012b400000000000000000000000000000000000000000000000000000000000000000000000000000000000000000000000000007073e3587539615e56d497fc33311bd99a29f2b98df7a2df89c12960ccf84ef149fbddc7fc4a70928e577fcd1b4bdfa1e7b934e8c92eae2b7552259524e29a6b6baeabb9849c66dc63b9376eff91fad23314e9c64ae9bdb5d4c4a54f8ae15f1c3a6bd4aa996b0a6937fd2dbdbd3cbecd1b6a145c2577e7516a3d76574bae7922c72aaf2ce519a494955a97ba266f1b54aae52fc46954b72fea5d68e963d5a9a55b76b6daf87378e73c4db771be5df993a3aa71316458f549c54f6ac8b1db5f9f7716bd8ed173896dd3a7e15b911ab6fe59001755c00000000000000000000000000000000000000000000000000000000000000000000000000000000000000000000000000015f5989e6d3e682572add0ff8972a8e13719470645c6dba6fabfaa47a43ce6587cacbacd3afe49b9452fe484ff123d7db8399cfa768b2ef12dde6a95f134df29c14ae9d5b359adade5e9b26a0d776a5d0d95cb163924b86972fb313a9429f752b6f956ba7438f2bd12971cbf2a8c5529254df62d2729a6e4a31728d274aefa7073b04a13c70d89c5df9e337cc6faf3fd8bb09e4928c7035e5b83725f95be77a2ef1edecaf96353d9533c9acb5cbdb14ed2a692f57ea76f0cd64c58a7fd708cbe968e3ea1395a4d28a8da95f9beecbfe1d914f4ea2aee0da77fa9678b6e9c9359f745c88dd22cba003aaa200000000000000000000000000000000000000000000000000000000000000000000000000000000000000000000000000001c6f1284b1eaf06657b32e2789f1c6f83b57f54e97d0ec94bc4b13cba69b49eec4d658d2bfcbd483914ebc730970dba6f12e5e2527f371be2d371f67d8db1db838bea92fd575345ccf1e4a6aaaab94daeccdeda9cd2eeb735dcf3931aeceb7957c6f1c358f0cf7273f34252fca957748e9465b54ea51db34d5b871b97ba28ea1bc7f273536b74612495b69f7f52e61c985b5283934d35b67def8b27c33113a479a37112d732b8c394f15a9c5c7afd4dfc32694f2c1ba734e697f2f0eb836928c54a10945c53dd18a571c714aab829e07f2755a79db6e72f973eea3bbb705989e8cb5b2298ebc730f40003b4e68000000000000000000000000000000000000000000000000000000000000000000000000000000000000000000000000000061a52528b569a69af54f83200f34b1ca1f3315d4b064946e9f6e57edc92b69ac724b96a9cbba449ae83c7ae6eea1a8c51c95fef63a84abf6fd48d5b528bba8ae13fe9479bcf4e8c93576296eaac4b6cd1f998f245712925b5f569a34d364738c5ac5e652715d2ae3d64c961cedbe1717f5e9c10423b3264a97e1f99c6293b8caf989144ea76dfcc4d5d049ef8494a118383849573bdf3d7a14f3476bc4f635cb71da92939df165a8bbc2de4dae0b6bb7c7254d5c37cb99ce114e3bb84dcabf96df42de5ef489857c7f769dcc535931e3c89aa9423255ee890a5e1f272c1b2dbf97271f37a7545d3b38afd748b7cb9d7af4da600012b50000000000000000000000000000000000000000000000000000000000000000000000000000000000000000000000000000733c5715c34f9d25bb0e54a52eeb1645b65fbedfd0a49f997dd37f43b79f12cd873627fcf09457b3eccf3f194dc1c5aa9ae1a7fd5174d1c6f50a6ad16f97438b6dc6be13c2bcc93e9d6fdc8f3b8ae55f96b24dafe9ee6dfcd8e6af6b8ed97b35dc924938cad2f32db4bbb7c572737cc2d78958c3283ae138b4e51fbf2ad1ae7b9452fc39ca3370db2e12e3f52b69f24549da9271fc3aa771aee5bc9b54a2a2ee32b9cf8b71a54cbf8e7af1abda3a6e8fc2f264f993864553942e55f93741d3afd57e8760f398253c1a9c0db5b5cf856dbf973e2e4df73d1177856dd3a7e15f955d5f7f2c800beaa00000000000000000000000000000000000000000000000000000000000000000000000000000000000000000000000000001c1d54161d5e6554a728e4e7a6d9aa75f73bc733c520ab4f96ba49e393efcf31ffcf729f329d58b7f0b1c7b6afaf952e1c32415d45da5dc931b528c22946af734fafd88e3c4a0dafcdc37efd0cc2d4f24785b24ba7a4ba1c1874a7c314d674ed24d39453e935d375fa971cbf0a13856e4af22e55c572fa1466e38d3b751796a37d23b9dd177134ef134ddc7975d53659c13df48f2c78952d4462b24d49a57084dc652b979b97caf4ec7734d9639b0e1c9169ee82e8ef9e8ce2e6c6f6c54a58b1fca94b1db6db94dbaa727c977c27239e1cb8e4a29e2cb249269f95bb4ff00bfe85be2cf4e59afca0cf1d58e2df0e9800eb280000000000000000000000000000000000000000000000000000000000000000000000000000000000000000000000000000056d663f9ba6cd1577b7746baee8f28b261aea6b6af544c4fbb359d4c4b809378ded74d24e2db7d7dcc4a4dbc53e56ea84ebbbec694f0ea75389aa8acd2aebf95f45c9234deec6ab94de36f9fa1e66f1ab69da89dc6d9cb8d4f6dedeedaab4ebbf24ba76dc5c94f6c55fb38a5f5358b538d6dae384f9e57531a678e79736256a517b6517d1c5abe0df14eac8eddebddbea630f34e54a093c90db1b6e757d19af87e48c357b62deccb8a9f0ff346a56ff72c38e35072e5fcb6d2be89f4e7d8e7fccf979704937b30c965c99b8e6dd6ddab9e85ab4f464add1c475526af4805f1760edb9800000000000000000000000000000000000000000000000000000000000000000000000000000000000000000000000000000000e2f89e07fc4426bfdac36fa53877faf4fd08136962c972dd0694fbf959d4f11c6e7837aa52c538cedf65d19c99cde3c53be62a9b5ed2e3ebc1c1e663e8c933f2ea71edd54884df92738d7924f745df2efa91647f232c72462dc92839257ba51e9d17066325384674ef1b506faf95f736c92928a925c55dc572abb1522daee9b5ecb96a714a2e328e45728c9bb8d7b7539fa98cfcf2a8d49c928dd36d71b916f4b954e192ab8bdb7c55f3d591e5e1fe1d4e125cb4fcea4fad22e5e62d4da1a7d36d3a5a1c8f26970395ee515095aa6dc78be4b4737c2e7c67c4fb3535cf54f874748eb60bf5e38973f2d7a6f300009d1800000000000000000000000000000000000000000000000000000000000000000000000000000000000000000000000000034c905921383e938b8bfb9c07152c6e135ca6e13ffb9e84e3492f9de21c7f3cbfbb39bcfaeeb12b7c5b6a6615f162f9758b727be14afbfa32584a4a2e3cdab5cf433db4afbda5f6a32abe6cd7fbc71a3b2ff9f2d34fcce6a6f8769f1e5727d3844b3daf638a929ed750e8e6dbadad90e14be7c152a73cb7f665a924e18afaef8ff765ac5deba477fb95bc3f2ecd4c1d28c72b9c269bfc8faa5fd8ef1e73053cba693e5bd442dbff008cf44747833ba4c7c4aa72e35689f964007415000000000000000000000000000000001fffd9);

-- --------------------------------------------------------

--
-- Table structure for table `account_basket`
--

CREATE TABLE `account_basket` (
  `id` int(11) NOT NULL,
  `account_id` int(11) NOT NULL,
  `total_basket_items` int(11) DEFAULT NULL,
  `total_basket_price` decimal(9,2) DEFAULT NULL
) ENGINE=InnoDB DEFAULT CHARSET=utf8mb4 COLLATE=utf8mb4_general_ci;

-- --------------------------------------------------------

--
-- Table structure for table `basket_item`
--

CREATE TABLE `basket_item` (
  `id` int(11) NOT NULL,
  `account_basket_id` int(11) NOT NULL,
  `product_id` int(11) NOT NULL,
  `quantity` int(11) NOT NULL,
  `total_item_price` decimal(9,2) DEFAULT NULL
) ENGINE=InnoDB DEFAULT CHARSET=utf8mb4 COLLATE=utf8mb4_general_ci;

-- --------------------------------------------------------

--
-- Table structure for table `chain`
--

CREATE TABLE `chain` (
  `id` int(11) NOT NULL,
  `name` varchar(100) NOT NULL
) ENGINE=InnoDB DEFAULT CHARSET=utf8mb4 COLLATE=utf8mb4_general_ci;

--
-- Dumping data for table `chain`
--

INSERT INTO `chain` (`id`, `name`) VALUES
(1, 'saveonfoods'),
(2, 'walmart'),
(3, 'superstore');

-- --------------------------------------------------------

--
-- Table structure for table `chain_location`
--

CREATE TABLE `chain_location` (
  `id` int(11) NOT NULL,
  `chain_id` int(11) NOT NULL,
  `name` varchar(100) NOT NULL,
  `location` varchar(255) NOT NULL,
  `url` varchar(255) NOT NULL
) ENGINE=InnoDB DEFAULT CHARSET=utf8mb4 COLLATE=utf8mb4_general_ci;

--
-- Dumping data for table `chain_location`
--

INSERT INTO `chain_location` (`id`, `chain_id`, `name`, `location`, `url`) VALUES
(1, 1, 'kelowna', '1876 Cooper Rd, Kelowna BC V1Y 9N6, Canada', 'https://www.saveonfoods.com/sm/planning/rsid/980/'),
(2, 1, 'westkelowna', '2475 Dobbin Rd, Westbank BC V4T 2E9, Canada', 'https://www.saveonfoods.com/sm/planning/rsid/956/'),
(3, 1, 'vernon', '4900 27th Street\r\nVernon, BC V1T 7G7', 'https://www.saveonfoods.com/sm/planning/rsid/988/'),
(4, 2, 'kelowna', '1555 Banks Rd, Kelowna, BC, V1X 7Y8', 'https://www.walmart.ca/en'),
(5, 2, 'westkelowna', '2170 Louie Dr, Westbank, BC', 'https://www.walmart.ca/en'),
(6, 2, 'vernon', '2200-58 Th Ave, Vernon, BC, V1T 9T2', 'https://www.walmart.ca/en/stores-near-me/vernon-supercentre-3169'),
(7, 3, 'kelowna', '2280 Baron Rd, Kelowna BC V1X 7W3, Canada', 'https://www.realcanadiansuperstore.ca/'),
(8, 3, 'westkelowna', '3020 Louie Dr, Westbank, British Columbia V4T 3E1', 'https://www.realcanadiansuperstore.ca/'),
(9, 3, 'vernon', '5001 Anderson Way, Vernon, British Columbia V1T 9V1', 'https://www.realcanadiansuperstore.ca/');

-- --------------------------------------------------------

--
-- Table structure for table `comments`
--

CREATE TABLE `comments` (
  `id` int(11) NOT NULL,
  `account_id` int(11) NOT NULL,
  `product_id` int(11) NOT NULL,
  `comment` varchar(100) NOT NULL,
  `rating` int(11) NOT NULL
) ENGINE=InnoDB DEFAULT CHARSET=utf8mb4 COLLATE=utf8mb4_general_ci;

-- --------------------------------------------------------

--
-- Table structure for table `product`
--

CREATE TABLE `product` (
  `id` int(11) NOT NULL,
  `name` varchar(100) NOT NULL,
  `imgsrc` varchar(255) NOT NULL,
  `description` varchar(255) NOT NULL,
  `category_id` int(11) NOT NULL
) ENGINE=InnoDB DEFAULT CHARSET=utf8mb4 COLLATE=utf8mb4_general_ci;

--
-- Dumping data for table `product`
--

INSERT INTO `product` (`id`, `name`, `imgsrc`, `description`, `category_id`) VALUES
(1, 'Honey Crisp Apple', 'https://storage.googleapis.com/images-sof-prd-9fa6b8b.sof.prd.v8.commerce.mi9cloud.com/product-images/detail/3283.jpg', 'The honeycrisp apple is a cross between Honeygold and Macoun. Honeycrisp apples have developed relatively thin skin, are amazingly crisp with a good sweet-tart balance. Juicy, crunchy, sweet and packed with nutrients and antioxidants.', 1),
(2, 'Gala Apple', 'https://storage.googleapis.com/images-sof-prd-9fa6b8b.sof.prd.v8.commerce.mi9cloud.com/product-images/detail/4133.jpg', 'Extra Fancy Grade, BC. A Mildly Sweet Flavor and Long Availability Window.', 1),
(3, 'Granny Smith Apple', 'https://storage.googleapis.com/images-sof-prd-9fa6b8b.sof.prd.v8.commerce.mi9cloud.com/product-images/detail/4139.jpg', 'Granny Smith Apples are a Crisp, Tart Apple that Make a Delicious Snack or a Tasteful Addition to Recipes.', 1),
(4, 'Banana', 'https://storage.googleapis.com/images-sof-prd-9fa6b8b.sof.prd.v8.commerce.mi9cloud.com/product-images/detail/4011.jpg', 'A long, curved fruit with a yellow skin and a soft inside', 1),
(5, 'Orange', 'https://storage.googleapis.com/images-sof-prd-9fa6b8b.sof.prd.v8.commerce.mi9cloud.com/product-images/cell/4012.jpg', 'A round fruit with an orange skin and a juicy inside', 1),
(6, 'Broccoli', 'https://storage.googleapis.com/images-sof-prd-9fa6b8b.sof.prd.v8.commerce.mi9cloud.com/product-images/detail/4548.jpg', 'Green vegetable high in vitamin C and fiber', 2),
(7, 'Carrots', 'https://storage.googleapis.com/images-sof-prd-9fa6b8b.sof.prd.v8.commerce.mi9cloud.com/product-images/detail/4562.jpg', 'Root vegetable high in vitamin A and fiber', 2),
(8, 'Kale', 'https://storage.googleapis.com/images-sof-prd-9fa6b8b.sof.prd.v8.commerce.mi9cloud.com/product-images/detail/4627.jpg', 'Leafy green vegetable high in vitamins K, A, and C', 2),
(9, 'Red Bell pepper', 'https://storage.googleapis.com/images-sof-prd-9fa6b8b.sof.prd.v8.commerce.mi9cloud.com/product-images/detail/4688.jpg', 'Sweet vegetable high in vitamin C and antioxidants', 2),
(10, 'Roma Tomato', 'https://storage.googleapis.com/images-sof-prd-9fa6b8b.sof.prd.v8.commerce.mi9cloud.com/product-images/detail/4087.jpg', 'Juicy fruit-vegetable high in vitamin C and lycopene', 2),
(11, '2% Milk', 'https://storage.googleapis.com/images-sof-prd-9fa6b8b.sof.prd.v8.commerce.mi9cloud.com/product-images/detail/00068700011016.jpg', 'Fresh cow milk', 3),
(12, 'Salted Butter', 'https://storage.googleapis.com/images-sof-prd-9fa6b8b.sof.prd.v8.commerce.mi9cloud.com/product-images/detail/00068700045059.jpg', 'Pure butter made from fresh milk', 3),
(13, 'Cheddar Cheese', 'https://storage.googleapis.com/images-sof-prd-9fa6b8b.sof.prd.v8.commerce.mi9cloud.com/product-images/detail/00056364021854.jpg', 'Mature cheddar cheese', 3),
(14, 'Beef', 'https://storage.googleapis.com/images-sof-prd-9fa6b8b.sof.prd.v8.commerce.mi9cloud.com/product-images/detail/00056364902603.jpg', 'Fresh beef from local farms', 4),
(15, 'Chicken Breast', 'https://storage.googleapis.com/images-sof-prd-9fa6b8b.sof.prd.v8.commerce.mi9cloud.com/product-images/detail/00292614000006.jpg', 'Free-range chicken with no antibiotics', 4),
(16, 'Pork', 'https://storage.googleapis.com/images-sof-prd-9fa6b8b.sof.prd.v8.commerce.mi9cloud.com/product-images/detail/00290004000001.jpg', 'Locally-sourced pork', 4);

-- --------------------------------------------------------

--
-- Table structure for table `product_category`
--

CREATE TABLE `product_category` (
  `id` int(11) NOT NULL,
  `name` varchar(100) NOT NULL
) ENGINE=InnoDB DEFAULT CHARSET=utf8mb4 COLLATE=utf8mb4_general_ci;

--
-- Dumping data for table `product_category`
--

INSERT INTO `product_category` (`id`, `name`) VALUES
(1, 'fruit'),
(2, 'vegetable'),
(3, 'dairy'),
(4, 'meat');

-- --------------------------------------------------------

--
-- Table structure for table `product_price`
--

CREATE TABLE `product_price` (
  `chain_location_id` int(11) NOT NULL,
  `product_id` int(11) NOT NULL,
  `price` decimal(10,2) NOT NULL,
  `created_at` timestamp NOT NULL DEFAULT current_timestamp()
) ENGINE=InnoDB DEFAULT CHARSET=utf8mb4 COLLATE=utf8mb4_general_ci;

--
-- Dumping data for table `product_price`
--

INSERT INTO `product_price` (`chain_location_id`, `product_id`, `price`, `created_at`) VALUES
(1, 1, '0.65', '2023-03-25 22:33:07'),
(1, 2, '0.78', '2023-03-25 22:33:07'),
(1, 3, '0.89', '2023-03-25 22:33:07'),
(1, 4, '0.90', '2023-03-25 22:33:07'),
(1, 5, '1.20', '2023-03-25 22:33:07'),
(2, 1, '0.60', '2023-03-25 22:33:07'),
(2, 2, '0.72', '2023-03-25 22:33:07'),
(2, 3, '0.62', '2023-03-25 22:33:07'),
(2, 4, '0.95', '2023-03-25 22:33:07'),
(2, 5, '1.02', '2023-03-25 22:33:07'),
(3, 1, '0.40', '2023-03-25 22:33:07'),
(3, 2, '0.45', '2023-03-25 22:33:07'),
(3, 3, '0.65', '2023-03-25 22:33:07'),
(3, 4, '0.92', '2023-03-25 22:33:07'),
(3, 5, '1.56', '2023-03-25 22:33:07'),
(1, 1, '0.92', '2023-03-25 22:35:02'),
(1, 2, '0.67', '2023-03-25 22:35:02'),
(1, 3, '1.10', '2023-03-25 22:35:02'),
(1, 4, '1.24', '2023-03-25 22:35:02'),
(1, 5, '0.82', '2023-03-25 22:35:02'),
(2, 1, '1.43', '2023-03-25 22:35:02'),
(2, 2, '1.15', '2023-03-25 22:35:02'),
(2, 3, '0.44', '2023-03-25 22:35:02'),
(2, 4, '1.09', '2023-03-25 22:35:02'),
(2, 5, '0.71', '2023-03-25 22:35:02'),
(3, 1, '0.49', '2023-03-25 22:35:02'),
(3, 2, '0.93', '2023-03-25 22:35:02'),
(3, 3, '1.34', '2023-03-25 22:35:02'),
(3, 4, '0.73', '2023-03-25 22:35:02'),
(3, 5, '1.30', '2023-03-25 22:35:02'),
(4, 1, '0.52', '2023-03-26 02:02:11'),
(4, 2, '1.22', '2023-03-26 02:02:11'),
(4, 3, '0.85', '2023-03-26 02:02:11'),
(4, 4, '1.27', '2023-03-26 02:02:11'),
(4, 5, '1.22', '2023-03-26 02:02:11'),
(5, 1, '0.79', '2023-03-26 02:02:11'),
(5, 2, '0.97', '2023-03-26 02:02:11'),
(5, 3, '0.99', '2023-03-26 02:02:11'),
(5, 4, '0.55', '2023-03-26 02:02:11'),
(5, 5, '0.49', '2023-03-26 02:02:11'),
(6, 1, '1.48', '2023-03-26 02:02:11'),
(6, 2, '1.16', '2023-03-26 02:02:11'),
(6, 3, '0.92', '2023-03-26 02:02:11'),
(6, 4, '0.75', '2023-03-26 02:02:11'),
(6, 5, '0.57', '2023-03-26 02:02:11'),
(7, 1, '0.73', '2023-03-26 02:03:24'),
(7, 2, '1.28', '2023-03-26 02:03:24'),
(7, 3, '0.94', '2023-03-26 02:03:24'),
(7, 4, '1.42', '2023-03-26 02:03:24'),
(7, 5, '1.27', '2023-03-26 02:03:24'),
(8, 1, '0.58', '2023-03-26 02:03:24'),
(8, 2, '1.18', '2023-03-26 02:03:24'),
(8, 3, '0.64', '2023-03-26 02:03:24'),
(8, 4, '1.48', '2023-03-26 02:03:24'),
(8, 5, '1.31', '2023-03-26 02:03:24'),
(9, 1, '0.97', '2023-03-26 02:03:24'),
(9, 2, '1.22', '2023-03-26 02:03:24'),
(9, 3, '1.39', '2023-03-26 02:03:24'),
(9, 4, '0.81', '2023-03-26 02:03:24'),
(9, 5, '1.11', '2023-03-26 02:03:24'),
(1, 6, '1.23', '2023-03-26 02:09:16'),
(1, 7, '1.98', '2023-03-26 02:09:16'),
(1, 8, '2.11', '2023-03-26 02:09:16'),
(1, 9, '2.00', '2023-03-26 02:09:16'),
(1, 10, '1.77', '2023-03-26 02:09:16'),
(2, 6, '1.65', '2023-03-26 02:09:16'),
(2, 7, '1.25', '2023-03-26 02:09:16'),
(2, 8, '1.47', '2023-03-26 02:09:16'),
(2, 9, '2.02', '2023-03-26 02:09:16'),
(2, 10, '1.68', '2023-03-26 02:09:16'),
(3, 6, '1.34', '2023-03-26 02:09:16'),
(3, 7, '1.55', '2023-03-26 02:09:16'),
(3, 8, '1.12', '2023-03-26 02:09:16'),
(3, 9, '2.25', '2023-03-26 02:09:16'),
(3, 10, '1.98', '2023-03-26 02:09:16'),
(4, 6, '2.25', '2023-03-26 02:09:16'),
(4, 7, '1.35', '2023-03-26 02:09:16'),
(4, 8, '1.55', '2023-03-26 02:09:16'),
(4, 9, '2.00', '2023-03-26 02:09:16'),
(4, 10, '1.70', '2023-03-26 02:09:16'),
(5, 6, '1.78', '2023-03-26 02:09:16'),
(5, 7, '1.50', '2023-03-26 02:09:16'),
(5, 8, '1.25', '2023-03-26 02:09:16'),
(5, 9, '2.18', '2023-03-26 02:09:16'),
(5, 10, '1.35', '2023-03-26 02:09:16'),
(6, 6, '1.05', '2023-03-26 02:09:16'),
(6, 7, '1.25', '2023-03-26 02:09:16'),
(6, 8, '2.10', '2023-03-26 02:09:16'),
(6, 9, '1.78', '2023-03-26 02:09:16'),
(6, 10, '1.66', '2023-03-26 02:09:16'),
(7, 6, '2.00', '2023-03-26 02:09:16'),
(7, 7, '1.42', '2023-03-26 02:09:16'),
(7, 8, '1.99', '2023-03-26 02:09:16'),
(7, 9, '2.22', '2023-03-26 02:09:16'),
(7, 10, '1.43', '2023-03-26 02:09:16'),
(8, 6, '1.98', '2023-03-26 02:09:16'),
(8, 7, '1.11', '2023-03-26 02:09:16'),
(8, 8, '1.87', '2023-03-26 02:09:16'),
(8, 9, '1.23', '2023-03-26 02:09:16'),
(8, 10, '2.10', '2023-03-26 02:09:16'),
(9, 6, '2.00', '2023-03-26 02:09:16'),
(9, 7, '1.68', '2023-03-26 02:09:16'),
(9, 8, '1.56', '2023-03-26 02:09:16'),
(9, 9, '1.98', '2023-03-26 02:09:16'),
(9, 10, '1.25', '2023-03-26 02:09:16'),
(1, 11, '4.25', '2023-03-26 02:11:24'),
(1, 12, '4.62', '2023-03-26 02:11:24'),
(1, 13, '3.98', '2023-03-26 02:11:24'),
(1, 14, '3.75', '2023-03-26 02:11:24'),
(1, 15, '4.89', '2023-03-26 02:11:24'),
(1, 16, '6.10', '2023-03-26 02:11:24'),
(2, 11, '3.25', '2023-03-26 02:11:24'),
(2, 12, '3.90', '2023-03-26 02:11:24'),
(2, 13, '5.00', '2023-03-26 02:11:24'),
(2, 14, '6.25', '2023-03-26 02:11:24'),
(2, 15, '5.50', '2023-03-26 02:11:24'),
(2, 16, '5.75', '2023-03-26 02:11:24'),
(3, 11, '6.50', '2023-03-26 02:11:24'),
(3, 12, '5.50', '2023-03-26 02:11:24'),
(3, 13, '3.00', '2023-03-26 02:11:24'),
(3, 14, '3.50', '2023-03-26 02:11:24'),
(3, 15, '4.25', '2023-03-26 02:11:24'),
(3, 16, '4.50', '2023-03-26 02:11:24'),
(4, 11, '4.75', '2023-03-26 02:11:24'),
(4, 12, '5.75', '2023-03-26 02:11:24'),
(4, 13, '6.00', '2023-03-26 02:11:24'),
(4, 14, '4.00', '2023-03-26 02:11:24'),
(4, 15, '3.98', '2023-03-26 02:11:24'),
(4, 16, '4.85', '2023-03-26 02:11:24'),
(5, 11, '4.25', '2023-03-26 02:11:24'),
(5, 12, '4.75', '2023-03-26 02:11:24'),
(5, 13, '6.25', '2023-03-26 02:11:24'),
(5, 14, '5.50', '2023-03-26 02:11:24'),
(5, 15, '3.75', '2023-03-26 02:11:24'),
(5, 16, '5.10', '2023-03-26 02:11:24'),
(6, 11, '6.25', '2023-03-26 02:11:24'),
(6, 12, '5.10', '2023-03-26 02:11:24'),
(6, 13, '4.50', '2023-03-26 02:11:24'),
(6, 14, '4.75', '2023-03-26 02:11:24'),
(6, 15, '4.98', '2023-03-26 02:11:24'),
(6, 16, '3.25', '2023-03-26 02:11:24'),
(7, 11, '3.00', '2023-03-26 02:11:24'),
(7, 12, '4.00', '2023-03-26 02:11:24'),
(7, 13, '5.25', '2023-03-26 02:11:24'),
(7, 14, '6.50', '2023-03-26 02:11:24'),
(7, 15, '4.50', '2023-03-26 02:11:24'),
(7, 16, '4.25', '2023-03-26 02:11:24'),
(8, 11, '4.50', '2023-03-26 02:11:24'),
(8, 12, '4.75', '2023-03-26 02:11:24'),
(8, 13, '5.00', '2023-03-26 02:11:24'),
(8, 14, '5.50', '2023-03-26 02:11:24'),
(8, 15, '5.75', '2023-03-26 02:11:24'),
(8, 16, '6.25', '2023-03-26 02:11:24'),
(9, 11, '3.75', '2023-03-26 02:11:24'),
(9, 12, '3.00', '2023-03-26 02:11:24'),
(9, 13, '5.50', '2023-03-26 02:11:24'),
(9, 14, '4.50', '2023-03-26 02:11:24'),
(9, 15, '6.25', '2023-03-26 02:11:24'),
(9, 16, '6.50', '2023-03-26 02:11:24'),
(1, 6, '1.23', '2023-03-26 02:13:05'),
(1, 7, '1.98', '2023-03-26 02:13:05'),
(1, 8, '2.11', '2023-03-26 02:13:05'),
(1, 9, '2.00', '2023-03-26 02:13:05'),
(1, 10, '1.77', '2023-03-26 02:13:05'),
(2, 6, '1.65', '2023-03-26 02:13:05'),
(2, 7, '1.25', '2023-03-26 02:13:05'),
(2, 8, '1.47', '2023-03-26 02:13:05'),
(2, 9, '2.02', '2023-03-26 02:13:05'),
(2, 10, '1.68', '2023-03-26 02:13:05'),
(3, 6, '1.34', '2023-03-26 02:13:05'),
(3, 7, '1.55', '2023-03-26 02:13:05'),
(3, 8, '1.12', '2023-03-26 02:13:05'),
(3, 9, '2.25', '2023-03-26 02:13:05'),
(3, 10, '1.98', '2023-03-26 02:13:05'),
(4, 6, '2.25', '2023-03-26 02:13:05'),
(4, 7, '1.35', '2023-03-26 02:13:05'),
(4, 8, '1.55', '2023-03-26 02:13:05'),
(4, 9, '2.00', '2023-03-26 02:13:05'),
(4, 10, '1.70', '2023-03-26 02:13:05'),
(5, 6, '1.78', '2023-03-26 02:13:05'),
(5, 7, '1.50', '2023-03-26 02:13:05'),
(5, 8, '1.25', '2023-03-26 02:13:05'),
(5, 9, '2.18', '2023-03-26 02:13:05'),
(5, 10, '1.35', '2023-03-26 02:13:05'),
(6, 6, '1.05', '2023-03-26 02:13:05'),
(6, 7, '1.25', '2023-03-26 02:13:05'),
(6, 8, '2.10', '2023-03-26 02:13:05'),
(6, 9, '1.78', '2023-03-26 02:13:05'),
(6, 10, '1.66', '2023-03-26 02:13:05'),
(7, 6, '2.00', '2023-03-26 02:13:05'),
(7, 7, '1.42', '2023-03-26 02:13:05'),
(7, 8, '1.99', '2023-03-26 02:13:05'),
(7, 9, '2.22', '2023-03-26 02:13:05'),
(7, 10, '1.43', '2023-03-26 02:13:05'),
(8, 6, '1.98', '2023-03-26 02:13:05'),
(8, 7, '1.11', '2023-03-26 02:13:05'),
(8, 8, '1.87', '2023-03-26 02:13:05'),
(8, 9, '1.23', '2023-03-26 02:13:05'),
(8, 10, '2.10', '2023-03-26 02:13:05'),
(9, 6, '2.00', '2023-03-26 02:13:05'),
(9, 7, '1.68', '2023-03-26 02:13:05'),
(9, 8, '1.56', '2023-03-26 02:13:05'),
(9, 9, '1.98', '2023-03-26 02:13:05'),
(9, 10, '1.25', '2023-03-26 02:13:05');

--
-- Indexes for dumped tables
--

--
-- Indexes for table `account`
--
ALTER TABLE `account`
  ADD PRIMARY KEY (`id`),
  ADD UNIQUE KEY `username` (`username`);

--
-- Indexes for table `account_basket`
--
ALTER TABLE `account_basket`
  ADD PRIMARY KEY (`id`),
  ADD KEY `account_id` (`account_id`);

--
-- Indexes for table `basket_item`
--
ALTER TABLE `basket_item`
  ADD PRIMARY KEY (`id`),
  ADD KEY `account_basket_id` (`account_basket_id`),
  ADD KEY `product_id` (`product_id`);

--
-- Indexes for table `chain`
--
ALTER TABLE `chain`
  ADD PRIMARY KEY (`id`);

--
-- Indexes for table `chain_location`
--
ALTER TABLE `chain_location`
  ADD PRIMARY KEY (`id`),
  ADD KEY `chain_id` (`chain_id`);

--
-- Indexes for table `comments`
--
ALTER TABLE `comments`
  ADD PRIMARY KEY (`id`),
  ADD KEY `account_id` (`account_id`),
  ADD KEY `product_id` (`product_id`);

--
-- Indexes for table `product`
--
ALTER TABLE `product`
  ADD PRIMARY KEY (`id`),
  ADD KEY `category_id` (`category_id`);

--
-- Indexes for table `product_category`
--
ALTER TABLE `product_category`
  ADD PRIMARY KEY (`id`);

--
-- Indexes for table `product_price`
--
ALTER TABLE `product_price`
  ADD KEY `chain_location_id` (`chain_location_id`),
  ADD KEY `product_id` (`product_id`);

--
-- AUTO_INCREMENT for dumped tables
--

--
-- AUTO_INCREMENT for table `account`
--
ALTER TABLE `account`
  MODIFY `id` int(11) NOT NULL AUTO_INCREMENT, AUTO_INCREMENT=11;

--
-- AUTO_INCREMENT for table `account_basket`
--
ALTER TABLE `account_basket`
  MODIFY `id` int(11) NOT NULL AUTO_INCREMENT;

--
-- AUTO_INCREMENT for table `basket_item`
--
ALTER TABLE `basket_item`
  MODIFY `id` int(11) NOT NULL AUTO_INCREMENT;

--
-- AUTO_INCREMENT for table `chain`
--
ALTER TABLE `chain`
  MODIFY `id` int(11) NOT NULL AUTO_INCREMENT, AUTO_INCREMENT=4;

--
-- AUTO_INCREMENT for table `chain_location`
--
ALTER TABLE `chain_location`
  MODIFY `id` int(11) NOT NULL AUTO_INCREMENT, AUTO_INCREMENT=10;

--
-- AUTO_INCREMENT for table `comments`
--
ALTER TABLE `comments`
  MODIFY `id` int(11) NOT NULL AUTO_INCREMENT, AUTO_INCREMENT=9;

--
-- AUTO_INCREMENT for table `product`
--
ALTER TABLE `product`
  MODIFY `id` int(11) NOT NULL AUTO_INCREMENT, AUTO_INCREMENT=17;

--
-- AUTO_INCREMENT for table `product_category`
--
ALTER TABLE `product_category`
  MODIFY `id` int(11) NOT NULL AUTO_INCREMENT, AUTO_INCREMENT=5;

--
-- Constraints for dumped tables
--

--
-- Constraints for table `account_basket`
--
ALTER TABLE `account_basket`
  ADD CONSTRAINT `account_basket_ibfk_1` FOREIGN KEY (`account_id`) REFERENCES `account` (`id`);

--
-- Constraints for table `basket_item`
--
ALTER TABLE `basket_item`
  ADD CONSTRAINT `basket_item_ibfk_1` FOREIGN KEY (`account_basket_id`) REFERENCES `account_basket` (`id`),
  ADD CONSTRAINT `basket_item_ibfk_2` FOREIGN KEY (`product_id`) REFERENCES `product` (`id`);

--
-- Constraints for table `chain_location`
--
ALTER TABLE `chain_location`
  ADD CONSTRAINT `chain_location_ibfk_1` FOREIGN KEY (`chain_id`) REFERENCES `chain` (`id`);

--
-- Constraints for table `comments`
--
ALTER TABLE `comments`
  ADD CONSTRAINT `comments_ibfk_1` FOREIGN KEY (`account_id`) REFERENCES `account` (`id`),
  ADD CONSTRAINT `comments_ibfk_2` FOREIGN KEY (`product_id`) REFERENCES `product` (`id`);

--
-- Constraints for table `product`
--
ALTER TABLE `product`
  ADD CONSTRAINT `product_ibfk_1` FOREIGN KEY (`category_id`) REFERENCES `product_category` (`id`);

--
-- Constraints for table `product_price`
--
ALTER TABLE `product_price`
  ADD CONSTRAINT `product_price_ibfk_1` FOREIGN KEY (`chain_location_id`) REFERENCES `chain_location` (`id`),
  ADD CONSTRAINT `product_price_ibfk_2` FOREIGN KEY (`product_id`) REFERENCES `product` (`id`);
COMMIT;

/*!40101 SET CHARACTER_SET_CLIENT=@OLD_CHARACTER_SET_CLIENT */;
/*!40101 SET CHARACTER_SET_RESULTS=@OLD_CHARACTER_SET_RESULTS */;
/*!40101 SET COLLATION_CONNECTION=@OLD_COLLATION_CONNECTION */;
